repo	status	bytes	url
cellar-keeper	200	1170	https://rutaabali3.github.io/cellar-keeper/
cinemavault-watchlist	200	1234	https://rutaabali3.github.io/cinemavault-watchlist/
decision-flow	200	1179	https://rutaabali3.github.io/decision-flow/
design-gembox	200	1170	https://rutaabali3.github.io/design-gembox/
dew-drop-day	200	1282	https://rutaabali3.github.io/dew-drop-day/
goal-weaver	200	931	https://rutaabali3.github.io/goal-weaver/
home-health-manager	200	1217	https://rutaabali3.github.io/home-health-manager/
idle-task-manager	200	1373	https://rutaabali3.github.io/idle-task-manager/
inner-counsel-app	200	1202	https://rutaabali3.github.io/inner-counsel-app/
interview-hub	200	893	https://rutaabali3.github.io/interview-hub/
ironlog-fitness	200	1199	https://rutaabali3.github.io/ironlog-fitness/
lingualearn-hub	200	1186	https://rutaabali3.github.io/lingualearn-hub/
localvibe-notes	200	1186	https://rutaabali3.github.io/localvibe-notes/
media-vault	200	1154	https://rutaabali3.github.io/media-vault/
medilog-health-companion	200	908	https://rutaabali3.github.io/medilog-health-companion/
my-local-address-book	200	1290	https://rutaabali3.github.io/my-local-address-book/
my-recipe-box	200	1176	https://rutaabali3.github.io/my-recipe-box/
orbit-mandala	200	1170	https://rutaabali3.github.io/orbit-mandala/
pantry-pal	200	1146	https://rutaabali3.github.io/pantry-pal/
pet-pal-manager	200	1186	https://rutaabali3.github.io/pet-pal-manager/
plant-pal	200	1437	https://rutaabali3.github.io/plant-pal/
practice-music	200	1273	https://rutaabali3.github.io/practice-music/
property-manager	200	1194	https://rutaabali3.github.io/property-manager/
pure-ledger-buddy	200	1202	https://rutaabali3.github.io/pure-ledger-buddy/
safe-haven-vault	200	1194	https://rutaabali3.github.io/safe-haven-vault/
shoot-planner-pro	200	1202	https://rutaabali3.github.io/shoot-planner-pro/
streakly-habit-tracker	200	1242	https://rutaabali3.github.io/streakly-habit-tracker/
study-spark	200	1154	https://rutaabali3.github.io/study-spark/
subscription-vault	200	885	https://rutaabali3.github.io/subscription-vault/
trip-planner-pro	200	1373	https://rutaabali3.github.io/trip-planner-pro/
wishful-gifts	200	1230	https://rutaabali3.github.io/wishful-gifts/
yarn-and-wire	200	1245	https://rutaabali3.github.io/yarn-and-wire/
