repo	status	file_count_or_detail
cellar-keeper	IMPORTED	94
cinemavault-watchlist	IMPORTED	92
decision-flow	IMPORTED	95
design-gembox	IMPORTED	92
dew-drop-day	IMPORTED	10
goal-weaver	IMPORTED	96
home-health-manager	IMPORTED	96
idle-task-manager	IMPORTED	92
inner-counsel-app	IMPORTED	94
interview-hub	IMPORTED	10
ironlog-fitness	IMPORTED	97
lingualearn-hub	IMPORTED	98
localvibe-notes	IMPORTED	86
media-vault	IMPORTED	94
medilog-health-companion	IMPORTED	103
my-local-address-book	IMPORTED	89
my-recipe-box	IMPORTED	95
orbit-mandala	IMPORTED	90
pantry-pal	IMPORTED	90
pet-pal-manager	IMPORTED	99
plant-pal	IMPORTED	98
practice-music	IMPORTED	99
property-manager	IMPORTED	96
pure-ledger-buddy	IMPORTED	96
safe-haven-vault	IMPORTED	94
shoot-planner-pro	IMPORTED	94
streakly-habit-tracker	IMPORTED	91
study-spark	IMPORTED	96
subscription-vault	IMPORTED	103
trip-planner-pro	IMPORTED	95
wishful-gifts	IMPORTED	94
yarn-and-wire	IMPORTED	97
